{"numEmpleados": 2, "numOrdenes": 13, "numDiasOperacion": 1, "ids": [119, 146, 81, 155, 189, 160, 102, 54, 82, 129, 147, 179, 75, 158], "numHabilidades": 1, "tiempoDesplazamiento": [[0, 0.7516043504843566, 1.4070673233749327, 0.7753836572389682, 0.9039400551904094, 0.6779727123882485, 1.030635866693923, 0.960555512246155, 1.1170190621539196, 0.7607820709546317, 1.132260832983862, 0.7797633371027799, 0.9829171118294872, 0.7883828974479022], [0.7516043504843566, 0, 1.40475785196635, 0.6527820207735565, 0.8349674204683192, 0.763445025121157, 1.026625197286376, 0.8728805173972324, 1.1130316273630967, 0.6342160670241143, 1.1286556281191966, 0.655522890809482, 0.9401110228592446, 0.6800764403999819], [1.4070673233749327, 1.40475785196635, 0, 1.4221095015933118, 1.2172767056370566, 1.3545314192219207, 1.8016497194471146, 1.2277735407705848, 0.9175372243935476, 1.4062561225871795, 0.9019378893836273, 1.4199294158952942, 1.1026565580237964, 1.361387169798271], [0.7753836572389682, 0.6527820207735565, 1.4221095015933118, 0, 0.8437254876650719, 0.7907405504445347, 1.0147882142038416, 0.8745393371972892, 1.1312937778152576, 0.645203643430655, 1.1468841098217386, 0.6303373667452828, 0.9528344243742422, 0.6871489362372407], [0.9039400551904094, 0.8349674204683192, 1.2172767056370566, 0.8437254876650719, 0, 0.8702723557119006, 1.233464513083918, 0.6942425575242314, 0.9358408273669555, 0.8329266797658547, 0.9507070386758913, 0.8402011261062313, 0.739694051849301, 0.7820132688627078], [0.6779727123882485, 0.763445025121157, 1.3545314192219207, 0.7907405504445347, 0.8702723557119006, 0, 1.0829800552677822, 0.9321512938291884, 1.065063501160442, 0.7722797679871558, 1.080227450094695, 0.7939393060165201, 0.9387389482605206, 0.7832060267761163], [1.030635866693923, 1.026625197286376, 1.8016497194471146, 1.0147882142038416, 1.233464513083918, 1.0829800552677822, 0, 1.2578235747942115, 1.5091179668328725, 1.0270219056224363, 1.5247124008375526, 1.0182637621929411, 1.3416295071460855, 1.0767907626893216], [0.960555512246155, 0.8728805173972324, 1.2277735407705848, 0.8745393371972892, 0.6942425575242314, 0.9321512938291884, 1.2578235747942115, 0, 0.9616769518805475, 0.868601346767316, 0.9753223564746017, 0.8700749383358627, 0.76262094864817, 0.8178118682014673], [1.1170190621539196, 1.1130316273630967, 0.9175372243935476, 1.1312937778152576, 0.9358408273669555, 1.065063501160442, 1.5091179668328725, 0.9616769518805475, 0, 1.1148806220778174, 0.64063159350834, 1.1293686243755336, 0.8254235500636035, 1.0714493954053266], [0.7607820709546317, 0.6342160670241143, 1.4062561225871795, 0.645203643430655, 0.8329266797658547, 0.7722797679871558, 1.0270219056224363, 0.868601346767316, 1.1148806220778174, 0, 1.1304931851502178, 0.6470746514671161, 0.9396342552289441, 0.6764340115829043], [1.132260832983862, 1.1286556281191966, 0.9019378893836273, 1.1468841098217386, 0.9507070386758913, 1.080227450094695, 1.5247124008375526, 0.9753223564746017, 0.64063159350834, 1.1304931851502178, 0, 1.1449472156743952, 0.8396301218100547, 1.0869912586249948], [0.7797633371027799, 0.655522890809482, 1.4199294158952942, 0.6303373667452828, 0.8402011261062313, 0.7939393060165201, 1.0182637621929411, 0.8700749383358627, 1.1293686243755336, 0.6470746514671161, 1.1449472156743952, 0, 0.9498580759652872, 0.6841617298664713], [0.9829171118294872, 0.9401110228592446, 1.1026565580237964, 0.9528344243742422, 0.739694051849301, 0.9387389482605206, 1.3416295071460855, 0.76262094864817, 0.8254235500636035, 0.9396342552289441, 0.8396301218100547, 0.9498580759652872, 0, 0.8907240403484168], [0.7883828974479022, 0.6800764403999819, 1.361387169798271, 0.6871489362372407, 0.7820132688627078, 0.7832060267761163, 1.0767907626893216, 0.8178118682014673, 1.0714493954053266, 0.6764340115829043, 1.0869912586249948, 0.6841617298664713, 0.8907240403484168, 0]], "tiempoAtencion": [0.25, 0.25, 0.25, 0.25, 0.25, 0.25, 0.25, 0.25, 0.25, 0.25, 0.25, 0.25, 0.25, 0.25], "habilidadesOperarios": [[1], [1]], "habilidadesOrdenes": [[1], [1], [1], [1], [1], [1], [1], [1], [1], [1], [1], [1], [1], [1]], "porcentajeCumplimientoHabilidades": 1, "horasTrabajo": [[9], [9]], "maxDia": [0, 1, 3, 2, 2, 2, 3, 1, 2, 1, 1, 1, 2, 1], "costosANS": [0, 0.05, 0.05, 0.05, 0.05, 0.05, 0.05, 0.05, 0.05, 0.05, 0.05, 0.05, 0.05, 0.05], "prioridad": [1.1, 1.1, 1.1, 1.1, 1.1, 1, 1, 1, 1.1, 1.1, 1.1, 1, 1, 1]}