{"numEmpleados": 2, "numOrdenes": 13, "numDiasOperacion": 1, "ids": [118, 12, 94, 15, 217, 63, 150, 128, 51, 119, 75, 165, 120, 169], "numHabilidades": 1, "tiempoDesplazamiento": [[0, 1.027682120062274, 0.7185586621202175, 0.680755950733447, 0.6457776709430243, 0.8703558304948377, 1.1049045789337866, 0.9463259484416698, 0.671125972340182, 0.7774184671976889, 0.902722225843338, 0.7844987233701755, 0.8041600432070416, 0.7378825900662384], [1.027682120062274, 0, 1.0357205362949256, 1.0626780291843803, 1.048320339723949, 0.7858318106018638, 1.5071202738099672, 0.7122103881844973, 1.0732937569737635, 1.0872542970932253, 0.7544649055581697, 1.1860692344955692, 1.1983786832854373, 1.0568037864190065], [0.7185586621202175, 1.0357205362949256, 0, 0.6849090725543009, 0.7190081995402887, 0.8754835401117206, 1.1106342070640238, 0.9648331431269508, 0.7367447985773646, 0.6916160511346855, 0.9243579290454393, 0.8230180002465701, 0.7971771621082882, 0.6501562625946301], [0.680755950733447, 1.0626780291843803, 0.6849090725543009, 0, 0.6693875199505155, 0.9022902955339512, 1.0714420395573718, 0.9852773184051431, 0.679001487465078, 0.7281522945211885, 0.9425252220233303, 0.7672588604466194, 0.7607906647220236, 0.6942381321767512], [0.6457776709430243, 1.048320339723949, 0.7190081995402887, 0.6693875199505155, 0, 0.8906495130636501, 1.0841580914223623, 0.9670939305485922, 0.6517473042047278, 0.7715692421812553, 0.9234969064186792, 0.7645120133169776, 0.784119335395852, 0.7346822256937617], [0.8703558304948377, 0.7858318106018638, 0.8754835401117206, 0.9022902955339512, 0.8906495130636501, 0, 1.347872753708198, 0.7183750587654143, 0.9164303637388719, 0.9297162036568977, 0.688032958849565, 1.0298011381622811, 1.0378180009778548, 0.8972423705171382], [1.1049045789337866, 1.5071202738099672, 1.1106342070640238, 1.0714420395573718, 1.0841580914223623, 1.347872753708198, 0, 1.4261835979801958, 1.060040947658799, 1.0839174581429292, 1.3825127759243518, 0.9503609416767106, 0.9386593033276539, 1.0964811647015493], [0.9463259484416698, 0.7122103881844973, 0.9648331431269508, 0.9852773184051431, 0.9670939305485922, 0.7183750587654143, 1.4261835979801958, 0, 0.9912440867350399, 1.0215977530868672, 0.668801620697209, 1.103084776535684, 1.120893084064017, 0.9875732588051446], [0.671125972340182, 1.0732937569737635, 0.7367447985773646, 0.679001487465078, 0.6517473042047278, 0.9164303637388719, 1.060040947658799, 0.9912440867350399, 0, 0.7809101023305783, 0.9475255881057322, 0.7383835370747067, 0.7662411313480807, 0.7482290518887451], [0.7774184671976889, 1.0872542970932253, 0.6916160511346855, 0.7281522945211885, 0.7715692421812553, 0.9297162036568977, 1.0839174581429292, 1.0215977530868672, 0.7809101023305783, 0, 0.9829171118294872, 0.8351272803869838, 0.781090189243982, 0.6668684775569952], [0.902722225843338, 0.7544649055581697, 0.9243579290454393, 0.9425252220233303, 0.9234969064186792, 0.688032958849565, 1.3825127759243518, 0.668801620697209, 0.9475255881057322, 0.9829171118294872, 0, 1.0592873982522901, 1.0779498635714486, 0.9476319643486505], [0.7844987233701755, 1.1860692344955692, 0.8230180002465701, 0.7672588604466194, 0.7645120133169776, 1.0298011381622811, 0.9503609416767106, 1.103084776535684, 0.7383835370747067, 0.8351272803869838, 1.0592873982522901, 0, 0.7124841776413481, 0.8215101376099382], [0.8041600432070416, 1.1983786832854373, 0.7971771621082882, 0.7607906647220236, 0.784119335395852, 1.0378180009778548, 0.9386593033276539, 1.120893084064017, 0.7662411313480807, 0.781090189243982, 1.0779498635714486, 0.7124841776413481, 0, 0.7847790205966731], [0.7378825900662384, 1.0568037864190065, 0.6501562625946301, 0.6942381321767512, 0.7346822256937617, 0.8972423705171382, 1.0964811647015493, 0.9875732588051446, 0.7482290518887451, 0.6668684775569952, 0.9476319643486505, 0.8215101376099382, 0.7847790205966731, 0]], "tiempoAtencion": [0.25, 0.25, 0.25, 0.25, 0.25, 0.25, 0.25, 0.25, 0.25, 0.25, 0.25, 0.25, 0.25, 0.25], "habilidadesOperarios": [[1], [1]], "habilidadesOrdenes": [[1], [1], [1], [1], [1], [1], [1], [1], [1], [1], [1], [1], [1], [1]], "porcentajeCumplimientoHabilidades": 1, "horasTrabajo": [[9], [9]], "maxDia": [0, 2, 3, 1, 1, 1, 2, 1, 2, 3, 1, 1, 3, 1], "costosANS": [0, 0.05, 0.05, 0.05, 0.05, 0.05, 0.05, 0.05, 0.05, 0.05, 0.05, 0.05, 0.05, 0.05], "prioridad": [1, 1.1, 1.1, 1, 1.1, 1.1, 1, 1.1, 1, 1.1, 1.1, 1, 1.1, 1]}
