{"numEmpleados": 2, "numOrdenes": 9, "numDiasOperacion": 5, "numHabilidades": 1, "tiempoDesplazamiento": [[0, 0.923800980511146, 0.656223876152085, 0.6309182247586845, 0.8614686826928423, 0.6941837098187703, 0.8735393356900322, 0.5743846878121063, 0.6389948022535928, 0.7082839071663152], [0.923800980511146, 0, 0.7541674048938054, 0.7710248237251546, 0.7298432817468106, 0.73046061388228, 0.5949433794090022, 0.8111113963731613, 0.7582206864812097, 0.7521152901358213], [0.656223876152085, 0.7541674048938054, 0, 0.442221991955468, 0.6228114653017945, 0.455008223736834, 0.6481715142744674, 0.49933051793943556, 0.43522875406650147, 0.47310651176945845], [0.6309182247586845, 0.7710248237251546, 0.442221991955468, 0, 0.647602907879538, 0.4805605362310215, 0.6722476346237252, 0.4737810055279849, 0.4294934038680592, 0.49581145567463264], [0.8614686826928423, 0.7298432817468106, 0.6228114653017945, 0.647602907879538, 0, 0.5862886566948843, 0.5522784573351073, 0.7037507777072634, 0.6408884985002631, 0.5700859627729508], [0.6941837098187703, 0.73046061388228, 0.455008223736834, 0.4805605362310215, 0.5862886566948843, 0, 0.612444814668463, 0.5376536082539065, 0.47190082778401427, 0.4492830167351338], [0.8735393356900322, 0.5949433794090022, 0.6481715142744674, 0.6722476346237252, 0.5522784573351073, 0.612444814668463, 0, 0.7265125437988541, 0.6607037972335711, 0.6196442899417934], [0.5743846878121063, 0.8111113963731613, 0.49933051793943556, 0.4737810055279849, 0.7037507777072634, 0.5376536082539065, 0.7265125437988541, 0, 0.483430633939056, 0.550653342012566], [0.6389948022535928, 0.7582206864812097, 0.43522875406650147, 0.4294934038680592, 0.6408884985002631, 0.47190082778401427, 0.6607037972335711, 0.483430633939056, 0, 0.4916311571625], [0.7082839071663152, 0.7521152901358213, 0.47310651176945845, 0.49581145567463264, 0.5700859627729508, 0.4492830167351338, 0.6196442899417934, 0.550653342012566, 0.4916311571625, 0]], "tiempoAtencion": [0.25, 0.25, 0.25, 0.25, 0.25, 0.25, 0.25, 0.25, 0.25, 0.25], "habilidadesOperarios": [[1], [1]], "habilidadesOrdenes": [[1], [1], [1], [1], [1], [1], [1], [1], [1], [1]], "porcentajeCumplimientoHabilidades": 1, "horasTrabajo": [[9, 9, 9, 9, 9], [9, 9, 9, 9, 9]], "maxDia": [0, 17, 21, 21, 21, 21, 26, 22, 23, 23], "costosANS": [0, 0.05, 0.05, 0.05, 0.05, 0.05, 0.05, 0.05, 0.05, 0.05], "prioridad": [1, 1, 1, 1, 1, 1, 1, 1, 1, 1]}