{"numEmpleados": 2, "numOrdenes": 13, "numDiasOperacion": 1, "ids": [159, 30, 108, 65, 142, 183, 181, 222, 92, 121, 60, 229, 11, 55], "numHabilidades": 1, "tiempoDesplazamiento": [[0, 0.9486659546736297, 1.0987577195348706, 0.6593524688562435, 1.4073970046582065, 0.6596202356859832, 0.6330653358019965, 0.6722709227100463, 0.7183651780545679, 0.6591213594769195, 0.6646371451774503, 0.8036626361414368, 0.8108012870266617, 0.7512222173132557], [0.9486659546736297, 0, 0.8102692515345571, 0.9619376258898407, 1.0841580914223623, 0.9142043117525431, 0.9548091519539618, 0.9743917288619844, 0.8769107819088081, 0.972507812198943, 0.9714349034572699, 0.8503056547677833, 0.7969882272784811, 0.8328053808595849], [1.0987577195348706, 0.8102692515345571, 0, 1.1196811190281035, 0.9660526712952363, 1.0666412471348445, 1.1032226080915182, 1.1335379904774374, 1.045010248698488, 1.12806289389887, 1.128990352593602, 1.033134806188141, 0.9777022337586203, 1.001414038239214], [0.6593524688562435, 0.9619376258898407, 1.1196811190281035, 0, 1.4210145235128913, 0.6796335156301249, 0.662984294741546, 0.6395653494423146, 0.7162341107370968, 0.6382161451906213, 0.6345027719118449, 0.7937828038163716, 0.8114273367309094, 0.7566787996517897], [1.4073970046582065, 1.0841580914223623, 0.9660526712952363, 1.4210145235128913, 0, 1.3730816223114655, 1.4133050536314642, 1.433292602774474, 1.334418098999663, 1.4316626652106905, 1.4305050106421364, 1.291258168537661, 1.246594116513524, 1.2908222558175972], [0.6596202356859832, 0.9142043117525431, 1.0666412471348445, 0.6796335156301249, 1.3730816223114655, 0, 0.6664406531074331, 0.6941531583369227, 0.6902650136467465, 0.6865244521293143, 0.6883862043219358, 0.7773749898472812, 0.7784861610021752, 0.7178657427499027], [0.6330653358019965, 0.9548091519539618, 1.1032226080915182, 0.662984294741546, 1.4133050536314642, 0.6664406531074331, 0, 0.674490230602478, 0.7263798125605024, 0.6598754841181467, 0.6666160251842771, 0.8117263505776848, 0.8185425017319155, 0.7587143428880015], [0.6722709227100463, 0.9743917288619844, 1.1335379904774374, 0.6395653494423146, 1.433292602774474, 0.6941531583369227, 0.674490230602478, 0, 0.7261940823687946, 0.6408602456912155, 0.6329034457937412, 0.7996427505655813, 0.8209235294913544, 0.7680366826549814], [0.7183651780545679, 0.8769107819088081, 1.045010248698488, 0.7162341107370968, 1.334418098999663, 0.6902650136467465, 0.7263798125605024, 0.7261940823687946, 0, 0.7287981353730709, 0.725205364706003, 0.7121216111172032, 0.7202140953277203, 0.6692601540835706], [0.6591213594769195, 0.972507812198943, 1.12806289389887, 0.6382161451906213, 1.4316626652106905, 0.6865244521293143, 0.6598754841181467, 0.6408602456912155, 0.7287981353730709, 0, 0.6334409270573735, 0.8069974071102575, 0.8240085313093349, 0.7684089429464689], [0.6646371451774503, 0.9714349034572699, 1.128990352593602, 0.6345027719118449, 1.4305050106421364, 0.6883862043219358, 0.6666160251842771, 0.6329034457937412, 0.725205364706003, 0.6334409270573735, 0, 0.8013065590179241, 0.820323482209473, 0.7660243005210964], [0.8036626361414368, 0.8503056547677833, 1.033134806188141, 0.7937828038163716, 1.291258168537661, 0.7773749898472812, 0.8117263505776848, 0.7996427505655813, 0.7121216111172032, 0.8069974071102575, 0.8013065590179241, 0, 0.681882956865965, 0.7057097284909181], [0.8108012870266617, 0.7969882272784811, 0.9777022337586203, 0.8114273367309094, 1.246594116513524, 0.7784861610021752, 0.8185425017319155, 0.8209235294913544, 0.7202140953277203, 0.8240085313093349, 0.820323482209473, 0.681882956865965, 0, 0.6865315362160535], [0.7512222173132557, 0.8328053808595849, 1.001414038239214, 0.7566787996517897, 1.2908222558175972, 0.7178657427499027, 0.7587143428880015, 0.7680366826549814, 0.6692601540835706, 0.7684089429464689, 0.7660243005210964, 0.7057097284909181, 0.6865315362160535, 0]], "tiempoAtencion": [0.25, 0.25, 0.25, 0.25, 0.25, 0.25, 0.25, 0.25, 0.25, 0.25, 0.25, 0.25, 0.25, 0.25], "habilidadesOperarios": [[1], [1]], "habilidadesOrdenes": [[1], [1], [1], [1], [1], [1], [1], [1], [1], [1], [1], [1], [1], [1]], "porcentajeCumplimientoHabilidades": 1, "horasTrabajo": [[9], [9]], "maxDia": [0, 3, 3, 3, 2, 3, 2, 2, 3, 3, 2, 2, 1, 1], "costosANS": [0, 0.05, 0.05, 0.05, 0.05, 0.05, 0.05, 0.05, 0.05, 0.05, 0.05, 0.05, 0.05, 0.05], "prioridad": [1.1, 1.1, 1.1, 1.1, 1.1, 1, 1.1, 1.1, 1.1, 1.1, 1, 1.1, 1, 1]}