{"numEmpleados": 2, "numOrdenes": 13, "numDiasOperacion": 1, "ids": [88, 51, 178, 222, 223, 106, 90, 97, 133, 71, 139, 112, 86, 169], "numHabilidades": 1, "tiempoDesplazamiento": [[0, 0.8614269204807615, 0.7694948958383634, 0.8009916156389476, 0.8497767744662857, 0.6970295834934266, 0.8086058781107545, 0.7654750845862933, 0.7576595643493969, 0.7939412740189921, 0.8925404123764039, 0.9940873419253696, 0.8644936501839315, 0.9124186651033727], [0.8614269204807615, 0, 0.9238698556196662, 0.9982587348363854, 0.658564239915088, 0.8620743626198971, 1.0035486554610742, 0.8063659519853225, 0.8103884796069551, 0.9833675238766774, 0.6759313177865042, 1.1460239917671318, 0.6994130117945837, 0.7482290518887451], [0.7694948958383634, 0.9238698556196662, 0, 0.7095638868493291, 0.8979873693349131, 0.7047767691590311, 0.7120401887882041, 0.7468996662710476, 0.740814569941877, 0.6915012757202404, 0.9321254097015742, 0.8591209892550533, 0.8883032151893845, 0.9131214382930452], [0.8009916156389476, 0.9982587348363854, 0.7095638868493291, 0, 0.9750456524852585, 0.7627374548903143, 0.6330892655275003, 0.8283985165586084, 0.8214542913618157, 0.6434275707075439, 1.011598082170714, 0.8253478706919637, 0.9694863279469312, 0.9970655258823032], [0.8497767744662857, 0.658564239915088, 0.8979873693349131, 0.9750456524852585, 0, 0.841215989273047, 0.979920048733176, 0.7780342387331788, 0.7828625255798345, 0.9594554606629945, 0.6681616985465846, 1.1162714227119888, 0.668593011146937, 0.7229006249143438], [0.6970295834934266, 0.8620743626198971, 0.7047767691590311, 0.7627374548903143, 0.841215989273047, 0, 0.7687798592274225, 0.7128832035115712, 0.7043417770696201, 0.749677834289331, 0.8803765302301048, 0.938064337480672, 0.8424951101679126, 0.8803251176753689], [0.8086058781107545, 1.0035486554610742, 0.7120401887882041, 0.6330892655275003, 0.979920048733176, 0.7687798592274225, 0, 0.8322115650854283, 0.82544667155774, 0.6457758114184421, 1.016057103249616, 0.8172660502632384, 0.9735273626392509, 1.0000847581043095], [0.7654750845862933, 0.8063659519853225, 0.7468996662710476, 0.8283985165586084, 0.7780342387331788, 0.7128832035115712, 0.8322115650854283, 0, 0.6335496759444678, 0.8114405933831345, 0.810405885953748, 0.9649794016366332, 0.766475747459756, 0.7959362528175563], [0.7576595643493969, 0.8103884796069551, 0.740814569941877, 0.8214542913618157, 0.7828625255798345, 0.7043417770696201, 0.82544667155774, 0.6335496759444678, 0, 0.8046955135269277, 0.8163172711894978, 0.9617784090007139, 0.7730807836965311, 0.8038755948922548], [0.7939412740189921, 0.9833675238766774, 0.6915012757202404, 0.6434275707075439, 0.9594554606629945, 0.749677834289331, 0.6457758114184421, 0.8114405933831345, 0.8046955135269277, 0, 0.9954017053817275, 0.827060889003406, 0.952774416929589, 0.9794084060030377], [0.8925404123764039, 0.6759313177865042, 0.9321254097015742, 1.011598082170714, 0.6681616985465846, 0.8803765302301048, 1.016057103249616, 0.810405885953748, 0.8163172711894978, 0.9954017053817275, 0, 1.1429982890976857, 0.6728356364995602, 0.7031074429180583], [0.9940873419253696, 1.1460239917671318, 0.8591209892550533, 0.8253478706919637, 1.1162714227119888, 0.938064337480672, 0.8172660502632384, 0.9649794016366332, 0.9617784090007139, 0.827060889003406, 1.1429982890976857, 0, 1.095569890786792, 1.1013806693347317], [0.8644936501839315, 0.6994130117945837, 0.8883032151893845, 0.9694863279469312, 0.668593011146937, 0.8424951101679126, 0.9735273626392509, 0.766475747459756, 0.7730807836965311, 0.952774416929589, 0.6728356364995602, 1.095569890786792, 0, 0.6823320239078697], [0.9124186651033727, 0.7482290518887451, 0.9131214382930452, 0.9970655258823032, 0.7229006249143438, 0.8803251176753689, 1.0000847581043095, 0.7959362528175563, 0.8038755948922548, 0.9794084060030377, 0.7031074429180583, 1.1013806693347317, 0.6823320239078697, 0]], "tiempoAtencion": [0.25, 0.25, 0.25, 0.25, 0.25, 0.25, 0.25, 0.25, 0.25, 0.25, 0.25, 0.25, 0.25, 0.25], "habilidadesOperarios": [[1], [1]], "habilidadesOrdenes": [[1], [1], [1], [1], [1], [1], [1], [1], [1], [1], [1], [1], [1], [1]], "porcentajeCumplimientoHabilidades": 1, "horasTrabajo": [[9], [9]], "maxDia": [0, 1, 1, 1, 3, 1, 3, 3, 3, 2, 3, 2, 3, 2], "costosANS": [0, 0.05, 0.05, 0.05, 0.05, 0.05, 0.05, 0.05, 0.05, 0.05, 0.05, 0.05, 0.05, 0.05], "prioridad": [1.1, 1, 1, 1.1, 1.1, 1.1, 1, 1, 1, 1, 1.1, 1, 1, 1.1]}