{"numEmpleados": 2, "numOrdenes": 13, "numDiasOperacion": 1, "ids": [143, 119, 154, 8, 229, 214, 187, 190, 208, 19, 160, 94, 84, 85], "numHabilidades": 1, "tiempoDesplazamiento": [[0, 1.0839174581429292, 1.1091641275819288, 1.293481900635477, 1.291258168537661, 1.3847195848398446, 1.2907925760959433, 1.4626059347972522, 0.9839270910051775, 1.278862712809441, 1.135628927539755, 1.1106342070640238, 0.8850124495444417, 1.5492369802417645], [1.0839174581429292, 0, 0.7628137865243115, 0.9135083026901825, 0.9603350454340918, 0.9871225256046738, 0.9135807116769851, 1.0216992980620265, 0.7762399803436916, 0.955810684303929, 0.6779727123882485, 0.6916160511346855, 0.8608174513843894, 1.1137916425841212], [1.1091641275819288, 0.7628137865243115, 0, 0.8137547236979333, 0.8374067875139684, 0.9025464897728929, 0.8118949567463581, 0.9838521957905971, 0.7502805106538961, 0.8299045995016009, 0.7588631529533408, 0.702062677309549, 0.8509578507457123, 1.0667868648424894], [1.293481900635477, 0.9135083026901825, 0.8137547236979333, 0, 0.7059377358180653, 0.7170204778515292, 0.6298684667785893, 0.8361081341202863, 0.9369900904249221, 0.7140287224857511, 0.8762778942092181, 0.8499869588076568, 1.0334861231984371, 0.9002864013368498], [1.291258168537661, 0.9603350454340918, 0.8374067875139684, 0.7059377358180653, 0, 0.7605550310125708, 0.7017012541434986, 0.9008255011637715, 0.9475800462459212, 0.6395775610749049, 0.9319217174540316, 0.8938512147913432, 1.0339303634545411, 0.9492435285203307], [1.3847195848398446, 0.9871225256046738, 0.9025464897728929, 0.7170204778515292, 0.7605550310125708, 0, 0.7203273112731808, 0.7691780711654714, 1.0271246331560926, 0.7744081265192658, 0.9432571440641139, 0.9281853459588923, 1.1248372446232253, 0.8147331915882413], [1.2907925760959433, 0.9135807116769851, 0.8118949567463581, 0.6298684667785893, 0.7017012541434986, 0.7203273112731808, 0, 0.8408267121279005, 0.934699089625744, 0.709484747471746, 0.8770346342615335, 0.8496875009093152, 1.030781762229078, 0.9044892887660397], [1.4626059347972522, 1.0216992980620265, 0.9838521957905971, 0.8361081341202863, 0.9008255011637715, 0.7691780711654714, 0.8408267121279005, 0, 1.106191919925954, 0.9136658352900137, 0.9697278000095376, 0.9791528628730041, 1.2085143782845893, 0.7183068851258997], [0.9839270910051775, 0.7762399803436916, 0.7502805106538961, 0.9369900904249221, 0.9475800462459212, 1.0271246331560926, 0.934699089625744, 1.106191919925954, 0, 0.9373024222946191, 0.8121641069435578, 0.7665247959677034, 0.7275244813336325, 1.1910489685555532], [1.278862712809441, 0.955810684303929, 0.8299045995016009, 0.7140287224857511, 0.6395775610749049, 0.7744081265192658, 0.709484747471746, 0.9136658352900137, 0.9373024222946191, 0, 0.9294066440464612, 0.8892037751670575, 1.0221550194219613, 0.9634274616059543], [1.135628927539755, 0.6779727123882485, 0.7588631529533408, 0.8762778942092181, 0.9319217174540316, 0.9432571440641139, 0.8770346342615335, 0.9697278000095376, 0.8121641069435578, 0.9294066440464612, 0, 0.6832096054242242, 0.9051091879724894, 1.0621901997293521], [1.1106342070640238, 0.6916160511346855, 0.702062677309549, 0.8499869588076568, 0.8938512147913432, 0.9281853459588923, 0.8496875009093152, 0.9791528628730041, 0.7665247959677034, 0.8892037751670575, 0.6832096054242242, 0, 0.8660609152314868, 1.0687808056534982], [0.8850124495444417, 0.8608174513843894, 0.8509578507457123, 1.0334861231984371, 1.0339303634545411, 1.1248372446232253, 1.030781762229078, 1.2085143782845893, 0.7275244813336325, 1.0221550194219613, 0.9051091879724894, 0.8660609152314868, 0, 1.292680512975663], [1.5492369802417645, 1.1137916425841212, 1.0667868648424894, 0.9002864013368498, 0.9492435285203307, 0.8147331915882413, 0.9044892887660397, 0.7183068851258997, 1.1910489685555532, 0.9634274616059543, 1.0621901997293521, 1.0687808056534982, 1.292680512975663, 0]], "tiempoAtencion": [0.25, 0.25, 0.25, 0.25, 0.25, 0.25, 0.25, 0.25, 0.25, 0.25, 0.25, 0.25, 0.25, 0.25], "habilidadesOperarios": [[1], [1]], "habilidadesOrdenes": [[1], [1], [1], [1], [1], [1], [1], [1], [1], [1], [1], [1], [1], [1]], "porcentajeCumplimientoHabilidades": 1, "horasTrabajo": [[9], [9]], "maxDia": [0, 3, 2, 2, 2, 3, 3, 1, 1, 1, 3, 2, 3, 2], "costosANS": [0, 0.05, 0.05, 0.05, 0.05, 0.05, 0.05, 0.05, 0.05, 0.05, 0.05, 0.05, 0.05, 0.05], "prioridad": [1.1, 1.1, 1, 1.1, 1.1, 1, 1, 1, 1, 1.1, 1.1, 1.1, 1.1, 1]}