{"numEmpleados": 2, "numOrdenes": 13, "numDiasOperacion": 1, "ids": [44, 93, 103, 178, 6, 54, 32, 179, 18, 39, 184, 161, 72, 88], "numHabilidades": 1, "tiempoDesplazamiento": [[0, 1.0568784901516246, 1.0707493666838312, 0.802998253241582, 0.7693603854005282, 0.7349866618243555, 0.9098559666831726, 0.763474832238244, 0.7811328962633989, 0.733967867501237, 0.7592251186982462, 0.8508622890837957, 0.8194030110698066, 0.7284932496504802], [1.0568784901516246, 0, 1.4475278561383398, 0.8830139321764912, 1.1751485526584644, 1.0226614893633805, 0.8240149467023493, 1.1627870752909548, 1.1485321922182594, 0.9504822528814261, 1.1668644088039617, 0.8439152638152437, 0.8654094624547611, 1.022169049133618], [1.0707493666838312, 1.4475278561383398, 0, 1.2299394728445725, 0.9264037064944821, 1.173086304229397, 1.34629358673166, 0.9330030325457398, 0.9304941631269146, 1.1678392481819209, 0.9365554701613724, 1.2798091254744897, 1.2182288684316123, 1.1675478895509188], [0.802998253241582, 0.8830139321764912, 1.2299394728445725, 0, 0.9360330143236905, 0.7715232700076139, 0.7426171267574054, 0.9260684157895472, 0.924774224796543, 0.6941009067859972, 0.9266053766277965, 0.6749644088062156, 0.6821588376669538, 0.7694948958383634], [0.7693603854005282, 1.1751485526584644, 0.9264037064944821, 0.9360330143236905, 0, 0.8736048181866921, 1.0494452571436084, 0.6399173590498105, 0.6832527093448112, 0.8702266997612979, 0.6351729832540435, 0.9858228428344197, 0.9356549549361253, 0.867745674300061], [0.7349866618243555, 1.0226614893633805, 1.173086304229397, 0.7715232700076139, 0.8736048181866921, 0, 0.842286922814233, 0.8700749383358627, 0.8910468844592166, 0.7243699954359544, 0.8634873432074531, 0.8037603105951178, 0.8168559208421953, 0.6317513073717909], [0.9098559666831726, 0.8240149467023493, 1.34629358673166, 0.7426171267574054, 1.0494452571436084, 0.842286922814233, 0, 1.0404220541379432, 1.0417106553800868, 0.8042445068742814, 1.0397167625665908, 0.6947957771441203, 0.7749952224206393, 0.843765070154948], [0.763474832238244, 1.1627870752909548, 0.9330030325457398, 0.9260684157895472, 0.6399173590498105, 0.8700749383358627, 1.0404220541379432, 0, 0.6703900596099261, 0.8612147191769317, 0.6397010189587942, 0.9759708156734491, 0.9237964247049778, 0.8640271475057859], [0.7811328962633989, 1.1485321922182594, 0.9304941631269146, 0.924774224796543, 0.6832527093448112, 0.8910468844592166, 1.0417106553800868, 0.6703900596099261, 0, 0.8648868500999422, 0.6850442247721159, 0.9745357167549465, 0.913894875320897, 0.8845978811936108], [0.733967867501237, 0.9504822528814261, 1.1678392481819209, 0.6941009067859972, 0.8702266997612979, 0.7243699954359544, 0.8042445068742814, 0.8612147191769317, 0.8648868500999422, 0, 0.8605355259546874, 0.7421478421879685, 0.7220623187183532, 0.71990216775084], [0.7592251186982462, 1.1668644088039617, 0.9365554701613724, 0.9266053766277965, 0.6351729832540435, 0.8634873432074531, 1.0397167625665908, 0.6397010189587942, 0.6850442247721159, 0.8605355259546874, 0, 0.9763444847694194, 0.9271015687941331, 0.8576144308913474], [0.8508622890837957, 0.8439152638152437, 1.2798091254744897, 0.6749644088062156, 0.9858228428344197, 0.8037603105951178, 0.6947957771441203, 0.9759708156734491, 0.9745357167549465, 0.7421478421879685, 0.9763444847694194, 0, 0.7076753004416845, 0.803275047875975], [0.8194030110698066, 0.8654094624547611, 1.2182288684316123, 0.6821588376669538, 0.9356549549361253, 0.8168559208421953, 0.7749952224206393, 0.9237964247049778, 0.913894875320897, 0.7220623187183532, 0.9271015687941331, 0.7076753004416845, 0, 0.8135019638326909], [0.7284932496504802, 1.022169049133618, 1.1675478895509188, 0.7694948958383634, 0.867745674300061, 0.6317513073717909, 0.843765070154948, 0.8640271475057859, 0.8845978811936108, 0.71990216775084, 0.8576144308913474, 0.803275047875975, 0.8135019638326909, 0]], "tiempoAtencion": [0.25, 0.25, 0.25, 0.25, 0.25, 0.25, 0.25, 0.25, 0.25, 0.25, 0.25, 0.25, 0.25, 0.25], "habilidadesOperarios": [[1], [1]], "habilidadesOrdenes": [[1], [1], [1], [1], [1], [1], [1], [1], [1], [1], [1], [1], [1], [1]], "porcentajeCumplimientoHabilidades": 1, "horasTrabajo": [[9], [9]], "maxDia": [0, 2, 1, 1, 1, 3, 3, 1, 2, 1, 3, 1, 3, 2], "costosANS": [0, 0.05, 0.05, 0.05, 0.05, 0.05, 0.05, 0.05, 0.05, 0.05, 0.05, 0.05, 0.05, 0.05], "prioridad": [1.1, 1, 1.1, 1.1, 1, 1, 1.1, 1, 1.1, 1.1, 1.1, 1, 1.1, 1]}