{"numEmpleados": 2, "numOrdenes": 13, "numDiasOperacion": 1, "ids": [113, 6, 76, 219, 80, 30, 123, 206, 142, 20, 34, 181, 90, 144], "numHabilidades": 1, "tiempoDesplazamiento": [[0, 1.0177050740937668, 1.3498625718531685, 1.4345443704441514, 1.5209386500787605, 1.048093548634265, 1.0139448204198942, 1.2535742785455926, 0.7020427225715453, 0.9183984994146638, 1.098643901254028, 1.372673773611875, 1.4011478941327928, 1.0357481300293183], [1.0177050740937668, 0, 0.9612472205276835, 1.0494452571436084, 1.1597051553291082, 0.6666496756513247, 0.7650627555804924, 0.862825619457967, 1.0495460627605997, 0.746854257473904, 0.7766322056017557, 0.9922380588893492, 1.0146250398092989, 0.6567788942484551], [1.3498625718531685, 0.9612472205276835, 0, 0.7161296629964653, 0.8642163709898502, 0.9271712614234118, 0.988464965767407, 0.7692628010080002, 1.3856388794844687, 1.0594534443179204, 0.9661292361899845, 0.6853443527333863, 0.6802129662886736, 0.9396265820315503], [1.4345443704441514, 1.0494452571436084, 0.7161296629964653, 0, 0.7890258362645562, 1.013746780145224, 1.0629915440544127, 0.8567409778626432, 1.4729031616105324, 1.1421596996092334, 1.056282810443656, 0.6916765765390073, 0.6609208353719674, 1.0262492852970573], [1.5209386500787605, 1.1597051553291082, 0.8642163709898502, 0.7890258362645562, 0, 1.1195680041576617, 1.1330060325710354, 1.0078293966229719, 1.5692227454175267, 1.2296075819567844, 1.1982736266393228, 0.8083813673666745, 0.8172660502632384, 1.1315923784340476], [1.048093548634265, 0.6666496756513247, 0.9271712614234118, 1.013746780145224, 1.1195680041576617, 0, 0.7472203530096745, 0.84131375554959, 1.0841580914223623, 0.7635607271672625, 0.7965596619776049, 0.9548091519539618, 0.9794791313558265, 0.6375027125237483], [1.0139448204198942, 0.7650627555804924, 0.988464965767407, 1.0629915440544127, 1.1330060325710354, 0.7472203530096745, 0, 0.9415655098916941, 1.0674437513266886, 0.7334112610898282, 0.9152349105221074, 0.997485810873342, 1.0330513879954852, 0.7445090082446564], [1.2535742785455926, 0.862825619457967, 0.7692628010080002, 0.8567409778626432, 1.0078293966229719, 0.84131375554959, 0.9415655098916941, 0, 1.278862712809441, 0.9795081147439078, 0.8266592848024241, 0.8251704603823405, 0.8217569520647329, 0.8520895738297843], [0.7020427225715453, 1.0495460627605997, 1.3856388794844687, 1.4729031616105324, 1.5692227454175267, 1.0841580914223623, 1.0674437513266886, 1.278862712809441, 0, 0.9648885413574456, 1.1078970240462207, 1.4133050536314642, 1.4385279755775207, 1.0716554002054084], [0.9183984994146638, 0.746854257473904, 1.0594534443179204, 1.1421596996092334, 1.2296075819567844, 0.7635607271672625, 0.7334112610898282, 0.9795081147439078, 0.9648885413574456, 0, 0.8846690301809801, 1.0795621171289638, 1.1093749548822296, 0.7524375454114599], [1.098643901254028, 0.7766322056017557, 0.9661292361899845, 1.056282810443656, 1.1982736266393228, 0.7965596619776049, 0.9152349105221074, 0.8266592848024241, 1.1078970240462207, 0.8846690301809801, 0, 1.0157014438532137, 1.0206359933288771, 0.7964314369115729], [1.372673773611875, 0.9922380588893492, 0.6853443527333863, 0.6916765765390073, 0.8083813673666745, 0.9548091519539618, 0.997485810873342, 0.8251704603823405, 1.4133050536314642, 1.0795621171289638, 1.0157014438532137, 0, 0.6717256924322316, 0.9672721211173457], [1.4011478941327928, 1.0146250398092989, 0.6802129662886736, 0.6609208353719674, 0.8172660502632384, 0.9794791313558265, 1.0330513879954852, 0.8217569520647329, 1.4385279755775207, 1.1093749548822296, 1.0206359933288771, 0.6717256924322316, 0, 0.9919745022552737], [1.0357481300293183, 0.6567788942484551, 0.9396265820315503, 1.0262492852970573, 1.1315923784340476, 0.6375027125237483, 0.7445090082446564, 0.8520895738297843, 1.0716554002054084, 0.7524375454114599, 0.7964314369115729, 0.9672721211173457, 0.9919745022552737, 0]], "tiempoAtencion": [0.25, 0.25, 0.25, 0.25, 0.25, 0.25, 0.25, 0.25, 0.25, 0.25, 0.25, 0.25, 0.25, 0.25], "habilidadesOperarios": [[1], [1]], "habilidadesOrdenes": [[1], [1], [1], [1], [1], [1], [1], [1], [1], [1], [1], [1], [1], [1]], "porcentajeCumplimientoHabilidades": 1, "horasTrabajo": [[9], [9]], "maxDia": [0, 3, 2, 3, 3, 1, 2, 2, 2, 2, 1, 1, 2, 1], "costosANS": [0, 0.05, 0.05, 0.05, 0.05, 0.05, 0.05, 0.05, 0.05, 0.05, 0.05, 0.05, 0.05, 0.05], "prioridad": [1.1, 1.1, 1, 1, 1.1, 1, 1.1, 1.1, 1, 1, 1.1, 1.1, 1, 1.1]}